date,price
2013-07-22,100000.0
2013-07-23,103000.0
2013-07-24,102000.0
2013-07-27,104000.0
2013-07-28,103000.0
2013-07-31,103000.0
2013-08-03,104000.0
2013-08-04,103000.0
2013-08-05,102000.0
2013-08-06,102000.0
2013-08-07,103000.0
2013-08-11,105000.0
2013-08-12,104000.0
2013-08-13,104000.0
2013-08-14,104000.0
2013-08-17,106000.0
2013-08-18,106000.0
2013-08-19,104000.0
2013-08-20,103000.0
2013-08-21,104000.0
2013-08-24,106000.0
2013-08-25,106000.0
2013-08-26,108000.0
2013-08-28,112000.0
2013-08-31,111000.0
2013-09-01,111000.0
2013-09-03,114000.0
2013-09-04,114000.0
2013-09-05,114000.0
2013-09-07,112000.0
2013-09-08,111000.0
2013-09-09,107000.0
2013-09-10,105500.0
2013-09-11,104000.0
2013-09-12,104000.0
2013-09-14,102000.0
2013-09-15,99000.0
2013-09-16,98000.0
2013-09-17,98000.0
2013-09-18,102000.0
2013-09-22,96000.0
2013-09-23,95000.0
2013-09-24,99000.0
2013-09-25,99000.0
2013-09-26,99000.0
2013-09-28,101000.0
2013-09-29,99000.0
2013-09-30,98000.0
2013-10-01,98000.0
2013-10-02,98000.0
2013-10-05,99000.0
2013-10-06,98000.0
2013-10-07,99000.0
2013-10-08,98000.0
2013-10-09,98000.0
2013-10-12,95000.0
2013-10-13,96000.0
2013-10-14,95000.0
2013-10-15,95000.0
2013-10-17,97000.0
2013-10-19,97000.0
2013-10-20,97000.0
2013-10-21,97100.0
2013-10-22,97700.0
2013-10-26,99000.0
2013-10-27,99000.0
2013-10-28,99000.0
2013-10-29,99000.0
2013-10-30,98000.0
2013-10-31,98000.0
2013-11-02,98000.0
2013-11-03,97000.0
2013-11-04,97000.0
2013-11-05,97000.0
2013-11-06,97000.0
2013-11-07,97000.0
2013-11-09,95000.0
2013-11-10,95000.0
2013-11-11,95000.0
2013-11-12,95000.0
2013-11-16,95000.0
2013-11-17,94000.0
2013-11-18,94000.0
2013-11-19,93000.0
2013-11-20,92000.0
2013-11-21,92000.0
2013-11-24,86000.0
2013-11-25,89000.0
2013-11-26,89000.0
2013-11-27,88000.0
2013-11-28,88000.0
2013-11-30,89000.0
2013-12-01,89000.0
2013-12-02,88000.0
2013-12-03,88000.0
2013-12-04,89000.0
2013-12-05,89000.0
2013-12-07,89000.0
2013-12-08,89000.0
2013-12-09,90000.0
2013-12-10,90000.0
2013-12-11,89000.0
2013-12-14,90000.0
2013-12-15,89000.0
2013-12-16,89000.0
2013-12-17,89000.0
2013-12-18,88000.0
2013-12-19,88000.0
2013-12-21,87000.0
2013-12-22,88000.0
2013-12-24,87000.0
2013-12-26,88000.0
2013-12-28,90000.0
2013-12-29,89000.0
2013-12-30,89000.0
2013-12-31,89900.0
2014-01-04,90000.0
2014-01-05,90000.0
2014-01-06,90000.0
2014-01-07,90000.0
2014-01-08,90000.0
2014-01-09,90000.0
2014-01-11,91000.0
2014-01-12,89000.0
2014-01-13,89000.0
2014-01-14,89000.0
2014-01-15,89000.0
2014-01-16,89000.0
2014-01-18,89000.0
2014-01-20,87800.0
2014-01-21,88200.0
2014-01-22,88200.0
2014-01-23,88200.0
2014-01-25,88200.0
2014-01-26,88470.0
2014-01-27,88420.0
2014-01-28,88760.0
2014-01-29,89020.0
2014-02-01,89224.0
2014-02-02,89755.0
2014-02-03,89593.0
2014-02-04,89847.0
2014-02-05,89893.0
2014-02-06,89893.0
2014-02-08,90216.0
2014-02-09,90771.0
2014-02-10,91832.0
2014-02-12,93287.0
2014-02-13,93287.0
2014-02-15,95341.0
2014-02-16,96034.0
2014-02-17,95480.0
2014-02-18,95572.0
2014-02-19,95111.0
2014-02-20,95111.0
2014-02-22,95780.0
2014-02-23,97511.0
2014-02-24,98158.0
2014-02-25,96957.0
2014-02-26,97488.0
2014-02-27,97488.0
2014-03-01,98319.0
2014-03-02,101230.0
2014-03-03,98989.0
2014-03-04,99312.0
2014-03-05,99774.0
2014-03-06,99774.0
2014-03-08,98850.0
2014-03-09,99381.0
2014-03-10,99035.0
2014-03-11,99381.0
2014-03-12,99958.0
2014-03-13,99958.0
2014-03-15,100000.0
2014-03-16,98850.0
2014-03-17,97673.0
2014-03-18,97073.0
2014-03-19,97650.0
2014-03-25,97188.0
2014-03-26,96957.0
2014-03-27,96957.0
2014-03-29,96542.0
2014-03-30,96680.0
2014-03-31,96496.0
2014-04-05,96888.0
2014-04-06,97027.0
2014-04-07,98250.0
2014-04-08,98273.0
2014-04-09,99035.0
2014-04-10,99035.0
2014-04-12,99958.0
2014-04-13,100770.0
2014-04-14,100190.0
2014-04-15,100420.0
2014-04-16,100070.0
2014-04-17,100070.0
2014-04-19,100420.0
2014-04-20,100770.0
2014-04-21,101690.0
2014-04-22,101870.0
2014-04-23,102575.0
2014-04-26,105910.0
2014-04-27,103880.0
2014-04-28,103744.0
2014-04-29,103537.0
2014-04-30,103537.0
2014-05-01,103537.0
2014-05-03,103768.0
2014-05-04,104345.0
2014-05-05,103652.0
2014-05-06,102913.0
2014-05-07,101621.0
2014-05-08,101621.0
2014-05-10,99312.0
2014-05-11,100536.0
2014-05-12,100536.0
2014-05-14,100743.0
2014-05-15,100743.0
2014-05-17,100859.0
2014-05-18,101297.0
2014-05-19,100651.0
2014-05-20,100882.0
2014-05-21,101020.0
2014-05-23,100634.0
2014-05-25,100697.0
2014-05-28,98273.0
2014-05-31,97973.0
2014-06-01,97881.0
2014-06-02,97881.0
2014-06-07,96611.0
2014-06-08,96380.0
2014-06-09,96149.0
2014-06-10,97211.0
2014-06-11,97535.0
2014-06-14,97812.0
2014-06-15,97188.0
2014-06-16,96842.0
2014-06-17,96911.0
2014-06-18,97304.0
2014-06-21,99381.0
2014-06-22,98804.0
2014-06-23,99197.0
2014-06-24,98850.0
2014-06-25,98596.0
2014-06-27,97814.5
2014-06-28,97800.5
2014-06-29,98457.2
2014-06-30,97822.8
2014-07-01,98422.1
2014-07-02,97473.7
2014-07-05,96911.0
2014-07-06,96796.0
2014-07-07,97327.0
2014-07-08,97535.0
2014-07-09,98458.0
2014-07-12,98666.0
2014-07-13,97419.0
2014-07-14,97004.0
2014-07-15,97073.0
2014-07-16,97235.0
2014-07-20,97165.0
2014-07-21,97073.0
2014-07-22,97142.0
2014-07-23,97050.0
2014-07-26,97488.0
2014-07-27,97258.0
2014-07-30,97128.8
2014-08-02,97327.0
2014-08-03,97396.0
2014-08-04,97027.0
2014-08-05,97558.0
2014-08-06,97373.0
2014-08-09,97788.0
2014-08-10,97558.0
2014-08-11,97673.0
2014-08-12,97673.0
2014-08-13,97673.0
2014-08-16,96866.0
2014-08-17,96751.0
2014-08-18,96866.0
2014-08-19,96405.0
2014-08-20,95713.0
2014-08-23,96405.0
2014-08-24,96405.0
2014-08-25,96751.0
2014-08-26,96635.0
2014-08-27,96981.0
2014-08-30,97212.0
2014-08-31,97097.0
2014-09-01,96866.0
2014-09-02,96866.0
2014-09-03,96981.0
2014-09-06,96635.0
2014-09-07,96635.0
2014-09-08,96405.0
2014-09-09,96289.0
2014-09-10,96059.0
2014-09-13,94675.0
2014-09-14,95251.0
2014-09-15,95482.0
2014-09-17,95136.0
2014-09-20,93868.0
2014-09-21,93752.0
2014-09-22,94675.0
2014-09-23,94790.0
2014-09-24,94329.0
2014-09-27,96405.0
2014-09-28,96059.0
2014-09-29,95597.0
2014-09-30,95597.0
2014-10-01,95478.6
2014-10-03,95018.0
2014-10-06,95597.0
2014-10-07,95828.0
2014-10-08,96751.0
2014-10-11,96289.0
2014-10-14,96405.0
2014-10-15,96405.0
2014-10-18,96289.0
2014-10-19,95943.0
2014-10-20,96059.0
2014-10-21,95943.0
2014-10-22,95713.0
2014-10-25,95136.0
2014-10-26,95136.0
2014-10-27,95136.0
2014-10-28,95136.0
2014-10-29,94560.0
2014-10-31,92339.9
2014-11-01,92096.6
2014-11-05,91677.0
2014-11-08,92945.0
2014-11-09,92253.0
2014-11-10,92138.0
2014-11-11,92484.0
2014-11-12,92369.0
2014-11-15,93637.0
2014-11-16,93522.0
2014-11-17,93868.0
2014-11-18,93983.0
2014-11-19,93637.0
2014-11-22,93637.0
2014-11-23,94444.0
2014-11-24,94790.0
2014-11-25,95828.0
2014-11-26,96059.0
2014-11-29,97673.0
2014-11-30,97212.0
2014-12-01,97788.0
2014-12-02,97673.0
2014-12-03,97673.0
2014-12-06,97904.0
2014-12-07,98365.0
2014-12-08,99172.0
2014-12-09,100095.0
2014-12-10,100095.0
2014-12-14,101479.0
2014-12-15,101479.0
2014-12-16,101017.0
2014-12-17,101940.0
2014-12-19,101098.3
2014-12-21,101017.0
2014-12-24,101017.0
2014-12-27,101709.0
2014-12-28,101248.0
2014-12-29,100671.0
2014-12-30,100556.0
2014-12-31,99878.7
2015-01-03,100441.0
2015-01-04,100325.0
2015-01-05,101248.0
2015-01-06,101479.0
2015-01-07,101017.0
2015-01-10,101248.0
2015-01-11,101017.0
2015-01-12,101133.0
2015-01-13,101133.0
2015-01-14,101133.0
2015-01-17,104477.0
2015-01-18,105515.0
2015-01-19,105630.0
2015-01-20,106668.0
2015-01-21,105861.0
2015-01-24,105976.0
2015-01-25,105745.0
2015-01-26,105515.0
2015-01-27,105630.0
2015-01-28,105053.0
2015-01-31,104707.0
2015-02-01,103785.0
2015-02-02,104131.0
2015-02-03,103208.0
2015-02-04,102747.0
2015-02-07,100095.0
2015-02-08,101248.0
2015-02-09,101017.0
2015-02-11,101291.6
2015-02-14,101363.0
2015-02-15,101017.0
2015-02-16,99403.0
2015-02-17,99634.0
2015-02-18,100441.0
2015-02-21,99518.0
2015-02-22,99403.0
2015-02-23,99634.0
2015-02-24,100671.0
2015-02-25,100902.0
2015-02-28,100671.0
2015-03-01,100787.0
2015-03-02,100210.0
2015-03-03,100210.0
2015-03-04,99979.0
2015-03-07,97673.0
2015-03-08,97673.0
2015-03-09,96751.0
2015-03-10,94906.0
2015-03-11,95021.0
2015-03-14,92484.0
2015-03-15,93637.0
2015-03-16,94560.0
2015-03-17,94790.0
2015-03-18,96405.0
2015-03-25,97673.0
2015-03-28,95597.0
2015-03-29,96174.0
2015-03-30,96210.0
2015-04-04,98019.0
2015-04-05,98250.0
2015-04-06,98019.0
2015-04-07,97788.0
2015-04-08,97327.0
2015-04-11,99979.0
2015-04-12,99057.0
2015-04-13,98480.0
2015-04-14,98826.0
2015-04-15,99057.0
2015-04-18,99057.0
2015-04-19,98596.0
2015-04-20,98365.0
2015-04-21,98480.0
2015-04-22,97673.0
2015-04-25,97212.0
2015-04-26,97212.0
2015-04-27,97558.0
2015-04-28,97904.0
2015-04-29,97788.0
2015-05-03,96751.0
2015-05-04,96520.0
2015-05-05,96520.0
2015-05-06,96174.0
2015-05-09,95713.0
2015-05-10,95597.0
2015-05-11,95021.0
2015-05-12,95943.0
2015-05-13,96635.0
2015-05-17,96866.0
2015-05-18,95943.0
2015-05-19,95943.0
2015-05-20,95597.0
2015-05-23,95482.0
2015-05-24,95367.0
2015-05-25,95021.0
2015-05-26,94790.0
2015-05-27,95136.0
2015-05-30,95251.0
2015-05-31,95136.0
2015-06-01,95021.0
2015-06-06,93406.0
2015-06-07,93522.0
2015-06-08,93983.0
2015-06-09,94329.0
2015-06-10,93752.0
2015-06-13,93060.0
2015-06-14,92369.0
2015-06-15,92138.0
2015-06-16,92023.0
2015-06-17,92599.0
2015-06-20,92599.0
2015-06-21,92069.0
2015-06-22,91884.0
2015-06-23,92253.0
2015-06-24,92415.0
2015-06-27,92876.0
2015-06-28,92738.0
2015-06-29,92346.0
2015-06-30,92299.0
2015-07-01,91792.0
2015-07-04,90869.0
2015-07-05,89601.0
2015-07-06,89278.0
2015-07-07,89393.0
2015-07-08,90311.5
2015-07-11,88609.0
2015-07-12,89186.0
2015-07-13,90639.0
2015-07-14,90547.0
2015-07-15,89693.0
2015-07-20,88632.0
2015-07-21,87733.0
2015-07-22,88217.0
2015-07-25,89393.0
2015-07-26,89347.0
2015-07-27,89301.0
2015-07-28,89486.0
2015-07-29,89209.0
2015-08-01,89463.0
2015-08-02,89232.0
2015-08-03,89324.0
2015-08-04,89071.0
2015-08-05,89209.0
2015-08-08,89370.0
2015-08-09,89924.0
2015-08-12,90708.0
2015-08-15,91123.0
2015-08-16,91400.0
2015-08-17,91400.0
2015-08-18,92138.0
2015-08-19,93199.0
2015-08-22,95805.0
2015-08-23,95828.0
2015-08-24,94606.0
2015-08-25,93476.0
2015-08-26,93130.0
2015-08-29,94098.0
2015-08-30,94052.0
2015-08-31,94767.0
2015-09-01,94144.0
2015-09-02,93706.0
2015-09-05,94098.0
2015-09-06,93706.0
2015-09-07,94168.0
2015-09-08,93406.0
2015-09-09,93383.0
2015-09-12,93245.0
2015-09-13,93291.0
2015-09-14,93084.0
2015-09-15,93291.0
2015-09-16,93107.0
2015-09-19,93799.0
2015-09-20,93522.0
2015-09-21,93130.0
2015-09-22,93245.0
2015-09-23,94352.0
2015-09-26,94306.0
2015-09-27,94075.0
2015-09-28,94375.0
2015-09-29,93706.0
2015-09-30,93660.0
2015-10-03,94467.0
2015-10-04,94375.0
2015-10-05,94998.0
2015-10-06,95621.0
2015-10-07,95459.0
2015-10-10,96451.0
2015-10-11,96266.0
2015-10-12,96105.0
2015-10-13,96866.0
2015-10-14,97419.0
2015-10-17,96128.0
2015-10-18,95413.0
2015-10-19,95990.0
2015-10-20,95667.0
2015-10-21,95874.0
2015-10-25,96013.0
2015-10-26,96243.0
2015-10-27,96866.0
2015-10-28,95874.0
2015-10-31,95550.0
2015-11-01,95210.0
2015-11-02,94980.0
2015-11-03,94140.0
2015-11-04,93890.0
2015-11-07,92950.0
2015-11-08,93480.0
2015-11-09,93380.0
2015-11-10,93110.0
2015-11-11,93010.0
2015-11-12,93291.0
2015-11-14,93290.0
2015-11-15,93150.0
2015-11-16,92180.0
2015-11-17,92120.0
2015-11-18,92720.0
2015-11-21,92230.0
2015-11-22,92000.0
2015-11-23,92320.0
2015-11-24,92620.0
2015-11-25,92720.0
2015-11-28,92760.0
2015-11-29,92720.0
2015-11-30,93340.0
2015-12-02,93492.0
2015-12-05,94100.0
2015-12-06,94050.0
2015-12-07,93870.0
2015-12-08,93800.0
2015-12-09,93750.0
2015-12-13,93500.0
2015-12-14,92780.0
2015-12-15,93500.0
2015-12-16,93040.0
2015-12-19,93500.0
2015-12-21,94330.0
2015-12-22,94790.0
2015-12-23,95390.0
2015-12-26,96110.0
2015-12-27,95300.0
2015-12-28,95460.0
2015-12-30,95390.0
2016-01-02,95360.0
2016-01-03,96130.0
2016-01-04,96060.0
2016-01-05,96730.0
2016-01-06,97330.0
2016-01-09,98130.0
2016-01-10,96750.0
2016-01-11,95460.0
2016-01-12,95460.0
2016-01-13,94470.0
2016-01-16,94510.0
2016-01-17,93800.0
2016-01-18,93360.0
2016-01-19,94210.0
2016-01-20,94470.0
2016-01-23,94880.0
2016-01-24,95670.0
2016-01-25,97240.0
2016-01-26,96540.0
2016-01-27,96170.0
2016-01-30,96590.0
2016-01-31,97100.0
2016-02-01,96980.0
2016-02-02,97470.0
2016-02-03,97970.0
2016-02-04,98204.0
2016-02-06,98900.0
2016-02-07,99730.0
2016-02-08,99240.0
2016-02-09,99080.0
2016-02-13,101480.0
2016-02-14,99400.0
2016-02-15,99380.0
2016-02-16,100100.0
2016-02-17,100190.0
2016-02-20,100670.0
2016-02-21,99770.0
2016-02-22,100970.0
2016-02-23,102630.0
2016-02-24,102060.0
2016-02-27,101360.0
2016-02-28,102010.0
2016-02-29,102120.0
2016-03-01,102420.0
2016-03-02,102790.0
2016-03-05,103300.0
2016-03-06,103390.0
2016-03-07,103320.0
2016-03-08,103210.0
2016-03-09,103210.0
2016-03-11,103390.0
2016-03-14,102220.0
2016-03-15,102220.0
2016-03-16,103490.0
2016-03-23,103014.9
2016-03-26,102770.0
2016-03-27,103190.0
2016-03-28,103650.0
2016-03-29,104150.0
2016-03-30,104110.0
2016-04-02,104220.0
2016-04-03,104020.0
2016-04-04,104960.0
2016-04-05,104360.0
2016-04-06,105220.0
2016-04-09,105680.0
2016-04-10,106480.0
2016-04-11,106250.0
2016-04-12,105680.0
2016-04-13,104520.0
2016-04-16,104870.0
2016-04-17,104340.0
2016-04-18,105080.0
2016-04-19,104870.0
2016-04-20,104940.0
2016-04-23,104290.0
2016-04-24,104270.0
2016-04-25,104430.0
2016-04-26,104680.0
2016-04-27,105220.0
2016-04-30,107010.0
2016-05-01,106880.0
2016-05-02,106280.0
2016-05-03,105790.0
2016-05-04,105720.0
2016-05-07,106110.0
2016-05-08,105676.0
2016-05-09,105560.0
2016-05-10,105220.0
2016-05-11,105190.0
2016-05-12,105170.0
2016-05-14,104730.0
2016-05-15,105170.0
2016-05-16,104590.0
2016-05-17,104320.0
2016-05-18,103070.0
2016-05-21,103000.0
2016-05-23,102220.0
2016-05-24,101480.0
2016-05-25,102260.0
2016-05-28,101594.0
2016-05-29,101248.0
2016-05-30,101294.0
2016-05-31,101571.0
2016-06-01,101801.0
2016-06-05,102424.0
2016-06-06,102194.0
2016-06-07,103162.0
2016-06-08,103554.0
2016-06-11,104108.0
2016-06-12,104661.0
2016-06-13,104684.0
2016-06-14,104731.0
2016-06-15,106345.0
2016-06-18,105791.0
2016-06-19,105007.0
2016-06-20,104615.0
2016-06-21,104431.0
2016-06-22,104523.0
2016-06-25,109020.0
2016-06-26,109828.0
2016-06-28,110358.0
2016-06-29,109943.0
2016-07-02,111788.0
2016-07-03,111972.0
2016-07-04,111972.0
2016-07-05,113472.0
2016-07-09,114094.0
2016-07-10,113725.0
2016-07-11,112364.0
2016-07-12,112065.0
2016-07-13,111050.0
2016-07-16,110704.0
2016-07-17,110450.0
2016-07-18,110911.0
2016-07-19,110312.0
2016-07-20,110773.0
2016-07-23,110727.0
2016-07-24,111073.0
2016-07-25,111257.0
2016-07-26,111834.0
2016-07-27,112549.0
2016-07-31,114025.0
2016-08-01,115017.0
2016-08-02,114417.0
2016-08-03,114348.0
2016-08-06,113010.0
2016-08-07,112987.0
2016-08-08,113472.0
2016-08-09,114037.0
2016-08-10,114025.0
2016-08-13,113103.0
2016-08-14,113495.0
2016-08-15,113841.0
2016-08-16,113771.0
2016-08-17,113864.0
2016-08-20,113183.0
2016-08-21,113149.0
2016-08-22,113333.0
2016-08-23,112872.0
2016-08-24,112918.0
2016-08-27,113149.0
2016-08-28,113356.0
2016-08-29,113079.0
2016-08-30,112803.0
2016-08-31,112987.0
2016-09-03,113864.0
2016-09-04,113748.0
2016-09-05,114463.0
2016-09-06,114071.0
2016-09-07,113656.0
2016-09-10,113656.0
2016-09-11,113448.0
2016-09-13,113864.0
2016-09-14,113794.0
2016-09-17,113529.0
2016-09-18,113195.0
2016-09-19,113241.0
2016-09-21,114048.0
2016-09-24,114025.0
2016-09-25,114186.0
2016-09-26,113702.0
2016-09-27,113656.0
2016-09-28,113702.0
2016-10-01,113425.0
2016-10-02,113126.0
2016-10-03,110958.0
2016-10-04,110635.0
2016-10-05,109689.0
2016-10-08,110150.0
2016-10-09,110312.0
2016-10-10,110335.0
2016-10-12,110155.1
2016-10-15,109505.0
2016-10-16,109712.0
2016-10-17,109943.0
2016-10-18,110220.0
2016-10-19,110081.0
2016-10-22,110381.0
2016-10-23,110462.0
2016-10-24,111084.0
2016-10-25,111073.0
2016-10-26,110958.0
2016-10-29,112249.0
2016-10-30,112076.0
2016-10-31,112918.0
2016-11-01,113817.0
2016-11-02,113425.0
2016-11-05,114325.0
2016-11-06,112572.0
2016-11-07,112572.0
2016-11-08,113218.0
2016-11-09,113010.0
2016-11-12,110842.0
2016-11-13,111142.0
2016-11-14,110831.0
2016-11-15,110819.0
2016-11-16,110427.0
2016-11-18,109991.0
2016-11-21,110589.0
2016-11-22,110450.0
2016-11-23,110012.0
2016-11-26,111765.0
2016-11-27,112411.0
2016-11-28,112844.6
2016-11-30,112247.0
2016-12-03,113103.0
2016-12-04,113103.0
2016-12-05,112203.0
2016-12-06,112411.0
2016-12-07,112434.0
2016-12-10,112607.0
2016-12-11,112895.0
2016-12-12,112964.0
2016-12-13,113287.0
2016-12-14,112318.0
2016-12-18,112434.0
2016-12-19,112641.0
2016-12-20,112757.0
2016-12-21,112780.0
2016-12-24,114094.0
2016-12-25,115040.0
2016-12-26,115893.0
2016-12-27,114740.0
2016-12-28,114648.0
2016-12-31,112503.0
2017-01-01,113056.0
2017-01-02,113172.0
2017-01-03,113333.0
2017-01-04,114094.0
2017-01-07,114717.0
2017-01-08,114832.0
2017-01-09,114901.0
2017-01-10,115201.0
2017-01-11,115916.0
2017-01-14,115340.0
2017-01-15,115086.0
2017-01-16,115224.0
2017-01-17,115086.0
2017-01-18,114671.0
2017-01-21,114602.0
2017-01-22,114786.0
2017-01-23,114786.0
2017-01-24,114440.0
2017-01-25,114256.0
2017-01-28,113990.0
2017-01-29,113078.0
2017-01-30,113794.0
2017-01-31,113632.0
2017-02-01,114048.0
2017-02-04,115087.0
2017-02-05,115548.0
2017-02-06,115156.0
2017-02-07,115479.0
2017-02-08,115387.0
2017-02-11,115502.0
2017-02-12,114786.0
2017-02-13,114579.0
2017-02-14,114925.0
2017-02-15,115017.0
2017-02-18,114833.0
2017-02-19,114602.0
2017-02-20,114902.0
2017-02-21,114983.0
2017-02-22,115294.0
2017-02-23,115317.0
2017-02-25,116287.0
2017-02-26,116033.0
2017-02-27,116079.0
2017-02-28,116149.0
2017-03-04,115202.0
2017-03-05,114463.0
2017-03-06,113378.0
2017-03-07,112778.0
2017-03-08,113586.0
2017-03-11,112893.0
2017-03-12,113055.0
2017-03-13,112824.0
2017-03-14,112709.0
2017-03-15,113863.0
2017-03-18,115364.0
2017-03-25,116564.0
2017-03-26,117049.0
2017-03-27,117049.0
2017-03-28,116703.0
2017-03-29,116610.0
2017-04-03,116495.0
2017-04-04,116195.0
2017-04-05,116333.0
2017-04-08,116795.0
2017-04-09,116703.0
2017-04-10,116887.0
2017-04-12,117061.0
2017-04-15,118907.0
2017-04-16,118873.0
2017-04-17,118746.0
2017-04-18,117834.0
2017-04-19,117822.0
2017-04-22,118157.0
2017-04-23,117776.0
2017-04-24,117626.0
2017-04-26,117107.0
2017-04-29,117499.0
2017-04-30,116610.0
2017-05-01,116206.0
2017-05-02,116183.0
2017-05-03,114994.0
2017-05-06,113759.0
2017-05-07,114071.0
2017-05-08,113401.0
2017-05-09,113482.0
2017-05-10,113701.0
2017-05-13,114059.0
2017-05-14,113886.0
2017-05-15,114590.0
2017-05-16,115860.0
2017-05-17,115271.0
2017-05-20,115075.0
2017-05-21,115179.0
2017-05-22,114925.0
2017-05-23,114694.0
2017-05-24,114821.0
2017-05-27,114890.0
2017-05-28,114556.0
2017-05-29,114048.0
2017-05-30,113851.0
2017-05-31,113759.0
2017-06-03,114279.0
2017-06-06,115075.0
2017-06-07,114660.0
2017-06-10,114394.0
2017-06-11,114117.0
2017-06-12,114209.0
2017-06-13,114486.0
2017-06-14,113736.0
2017-06-17,114556.0
2017-06-18,114013.0
2017-06-19,113898.0
2017-06-20,113990.0
2017-06-21,114579.0
2017-06-24,115629.0
2017-06-25,115225.0
2017-06-28,115722.0
2017-07-01,115952.0
2017-07-02,114890.0
2017-07-03,114671.0
2017-07-04,114556.0
2017-07-05,114683.0
2017-07-08,113701.0
2017-07-09,113574.0
2017-07-10,113413.0
2017-07-11,113713.0
2017-07-12,113344.0
2017-07-15,113701.0
2017-07-16,113782.0
2017-07-17,113851.0
2017-07-18,113909.0
2017-07-19,113978.0
2017-07-22,114648.0
2017-07-23,115075.0
2017-07-24,114856.0
2017-07-25,115479.0
2017-07-26,116149.0
2017-07-29,117938.0
2017-07-30,117603.0
2017-07-31,117961.0
2017-08-01,118134.0
2017-08-02,118134.0
2017-08-05,117407.0
2017-08-06,117303.0
2017-08-07,117522.0
2017-08-08,117857.0
2017-08-09,118019.0
2017-08-12,119173.0
2017-08-13,118273.0
2017-08-14,117811.0
2017-08-15,117834.0
2017-08-16,118457.0
2017-08-19,118573.0
2017-08-20,118688.0
2017-08-21,118688.0
2017-08-22,119150.0
2017-08-23,119335.0
2017-08-26,121228.0
2017-08-27,121851.0
2017-08-28,122382.0
2017-08-29,122544.0
2017-08-30,123582.0
2017-09-02,126491.0
2017-09-03,125683.0
2017-09-04,125499.0
2017-09-05,125522.0
2017-09-06,126399.0
2017-09-10,125545.0
2017-09-11,125545.0
2017-09-12,124898.0
2017-09-13,124691.0
2017-09-16,123144.0
2017-09-17,121943.0
2017-09-18,121251.0
2017-09-19,121851.0
2017-09-20,119935.0
2017-09-23,121597.0
2017-09-24,122751.0
2017-09-25,121874.0
2017-09-26,121089.0
2017-09-27,121343.0
2017-10-02,120743.0
2017-10-03,121597.0
2017-10-04,121320.0
2017-10-07,124044.0
2017-10-08,125544.0
2017-10-09,124644.0
2017-10-10,124159.0
2017-10-11,125175.0
2017-10-14,124459.0
2017-10-15,124113.0
2017-10-16,123282.0
2017-10-17,123143.0
2017-10-18,123097.0
2017-10-21,121689.0
2017-10-22,122635.0
2017-10-23,122612.0
2017-10-24,122659.0
2017-10-25,122312.0
2017-10-28,124113.0
2017-10-29,123974.0
2017-10-30,123559.0
2017-10-31,124182.0
2017-11-01,124182.0
2017-11-04,124344.0
2017-11-05,124898.0
2017-11-06,124251.0
2017-11-07,125152.0
2017-11-08,125406.0
2017-11-11,125937.0
2017-11-12,126098.0
2017-11-13,126052.0
2017-11-14,125406.0
2017-11-15,125637.0
2017-11-18,126537.0
2017-11-20,126537.0
2017-11-21,126906.0
2017-11-22,127045.0
2017-11-25,127876.0
2017-11-26,128407.0
2017-11-28,129492.0
2017-11-29,129077.0
2017-12-02,130139.0
2017-12-03,131224.0
2017-12-04,130762.0
2017-12-05,130462.0
2017-12-06,129075.5
2017-12-09,128523.0
2017-12-10,128430.0
2017-12-11,127853.0
2017-12-12,127784.0
2017-12-13,128245.0
2017-12-16,127968.0
2017-12-17,128153.0
2017-12-18,128523.0
2017-12-19,128684.0
2017-12-20,128684.0
2017-12-23,129654.0
2017-12-24,129815.0
2017-12-25,130277.0
2017-12-26,131062.0
2017-12-27,131778.0
2017-12-30,134756.0
2017-12-31,136995.0
2018-01-01,138334.0
2018-01-02,140043.0
2018-01-03,136418.0
2018-01-06,137203.0
2018-01-07,137226.0
2018-01-08,136949.0
2018-01-09,138427.0
2018-01-10,138588.0
2018-01-13,139327.0
2018-01-14,140250.0
2018-01-15,140204.0
2018-01-16,141382.0
2018-01-17,140389.0
2018-01-20,144175.0
2018-01-21,144152.0
2018-01-22,144268.0
2018-01-23,144845.0
2018-01-24,145445.0
2018-01-27,144729.0
2018-01-28,144060.0
2018-01-29,144268.0
2018-01-30,145514.0
2018-01-31,145791.0
2018-02-03,147869.0
2018-02-04,148331.0
2018-02-05,148031.0
2018-02-06,147477.0
2018-02-07,147707.0
2018-02-10,149046.0
2018-02-12,151978.0
2018-02-13,149647.0
2018-02-14,148700.0
2018-02-17,145607.0
2018-02-18,144337.0
2018-02-21,143875.0
2018-02-22,143829.0
2018-02-24,146530.0
2018-02-25,149416.0
2018-02-26,146946.0
2018-02-27,147407.0
2018-02-28,147385.0
2018-03-01,148608.0
2018-03-03,149023.0
2018-03-04,148539.0
2018-03-05,149831.0
2018-03-06,149693.0
2018-03-07,149855.0
2018-03-08,150062.0
2018-03-10,150940.0
2018-03-11,151955.0
2018-03-12,153364.0
2018-03-13,153064.0
2018-03-14,151978.0
2018-03-15,151863.0
2018-03-17,152279.0
2018-03-18,153364.0
2018-03-19,153341.0
2018-03-26,159574.0
2018-03-27,157427.0
2018-03-28,158858.0
2018-03-29,159181.0
2018-04-03,160197.0
2018-04-04,160636.0
2018-04-05,160682.0
2018-04-08,171302.0
2018-04-10,166246.0
2018-04-11,163522.0
2018-04-12,165392.0
2018-04-15,170494.0
2018-04-16,168832.0
2018-04-17,169132.0
2018-04-18,170078.0
2018-04-19,169871.0
2018-04-21,169455.0
2018-04-22,169224.0
2018-04-23,171325.0
2018-04-24,171256.0
2018-04-25,172456.0
2018-04-26,172710.0
2018-04-28,175688.0
2018-04-29,179729.0
2018-04-30,181206.0
2018-05-01,186770.0
2018-05-03,188501.0
2018-05-05,196582.0
2018-05-06,186585.0
2018-05-07,189194.0
2018-05-08,193950.0
2018-05-09,199514.0
2018-05-10,201638.0
2018-05-12,191387.0
2018-05-13,183930.0
2018-05-14,185550.0
2018-05-15,185340.0
2018-05-16,186450.0
2018-05-17,185180.0
2018-05-19,183080.0
2018-05-20,189360.0
2018-05-21,187230.0
2018-05-22,187350.0
2018-05-23,190580.0
2018-05-24,189860.0
2018-05-26,191040.0
2018-05-27,193000.0
2018-05-28,198080.0
2018-05-29,196910.0
2018-05-30,196910.0
2018-05-31,195770.0
2018-06-02,197040.0
2018-06-03,199010.0
2018-06-07,198200.0
2018-06-09,203510.0
2018-06-10,204660.0
2018-06-11,210300.0
2018-06-12,211980.0
2018-06-13,209140.0
2018-06-14,206350.0
2018-06-17,211980.0
2018-06-18,217340.0
2018-06-19,219670.0
2018-06-20,220940.0
2018-06-21,224030.0
2018-06-25,239180.0
2018-06-26,239290.0
2018-06-27,243220.0
2018-06-28,244740.0
2018-06-30,244830.0
2018-07-01,243980.0
2018-07-02,240220.0
2018-07-03,233640.0
2018-07-04,227870.0
2018-07-05,237420.0
2018-07-07,235140.0
2018-07-08,234100.0
2018-07-10,225970.0
2018-07-11,229250.0
2018-07-12,228230.0
2018-07-14,235140.0
2018-07-15,230680.0
2018-07-16,236550.0
2018-07-17,237700.0
2018-07-18,242870.0
2018-07-19,240560.0
2018-07-22,275450.0
2018-07-23,269310.0
2018-07-24,268730.0
2018-07-25,277150.0
2018-07-26,277270.0
2018-07-29,328750.0
2018-07-31,295510.0
2018-08-01,302430.0
2018-08-02,299820.0
2018-08-05,275890.0
2018-08-08,294590.0
2018-08-09,305440.0
2018-08-11,295725.0
2018-08-12,297120.0
2018-08-13,295970.0
2018-08-14,290080.0
2018-08-15,295740.0
2018-08-16,293080.0
2018-08-18,291060.0
2018-08-19,291350.0
2018-08-20,295280.0
2018-08-21,295620.0
2018-08-23,293890.0
2018-08-25,295860.0
2018-08-26,303650.0
2018-08-27,307740.0
2018-08-28,310630.0
2018-08-29,311320.0
2018-09-02,345380.0
2018-09-03,360150.0
2018-09-04,371460.0
2018-09-05,358300.0
2018-09-06,354380.0
2018-09-08,344220.0
2018-09-10,372850.0
2018-09-11,371690.0
2018-09-12,374700.0
2018-09-13,375270.0
2018-09-15,391780.0
2018-09-16,394320.0
2018-09-17,402170.0
2018-09-18,401879.0
2018-09-22,419600.0
2018-09-27,488597.0
2018-09-29,481590.0
2018-10-06,377930.0
2018-10-08,423640.0
2018-10-09,424100.0
2018-10-10,422636.0
2018-10-11,422636.0
2018-10-13,411105.0
2018-10-14,409779.2
2018-10-15,409802.1
2018-10-17,408798.0
2018-10-18,408798.0
2018-10-20,393346.0
2018-10-21,407414.0
2018-10-22,405108.0
2018-10-23,400957.0
2018-10-24,403494.0
2018-10-26,408148.0
2018-10-27,417951.6
2018-10-28,408173.8
2018-10-30,415960.0
2018-10-31,406843.2
2018-11-02,407654.4
2018-11-03,421059.8
2018-11-04,411584.5
2018-11-05,411305.2
2018-11-10,408170.0
2018-11-11,398470.0
2018-11-12,386010.0
2018-11-17,373915.0
2018-11-18,368079.0
2018-11-19,372829.0
2018-11-20,371654.0
2018-11-21,368469.0
2018-11-23,364780.0
2018-11-26,351840.0
2018-11-28,332310.0
2018-12-02,340300.0
2018-12-03,339600.0
2018-12-04,338680.0
2018-12-05,338450.0
2018-12-08,338450.0
2018-12-09,324370.0
2018-12-11,316980.0
2018-12-12,315130.0
2018-12-15,303590.0
2018-12-16,301050.0
2018-12-17,305900.0
2018-12-18,304740.0
2018-12-19,302670.0
2018-12-22,306360.0
2018-12-23,313980.0
2018-12-25,339840.0
2018-12-26,328980.0
2018-12-29,335450.0
2018-12-30,339140.0
2018-12-31,331750.0
2019-01-01,331290.0
2019-01-02,334960.0
2019-01-05,337060.0
2019-01-06,344680.0
2019-01-07,342370.0
2019-01-08,344450.0
2019-01-09,349760.0
2019-01-12,349760.0
2019-01-13,353230.0
2019-01-14,357300.0
2019-01-15,361070.0
2019-01-16,361536.0
2019-01-19,361770.0
2019-01-20,369620.0
2019-01-21,365920.0
2019-01-22,363840.0
2019-01-23,365690.0
2019-01-26,373310.0
2019-01-27,372850.0
2019-01-28,377230.0
2019-01-29,375850.0
2019-01-30,373080.0
2019-02-02,363610.0
2019-02-03,364770.0
2019-02-04,371690.0
2019-02-05,370540.0
2019-02-06,367540.0
2019-02-09,377691.0
2019-02-12,381850.0
2019-02-13,378620.0
2019-02-16,394090.0
2019-02-17,415100.0
2019-02-18,422140.0
2019-02-19,438990.0
2019-02-20,423870.0
2019-02-23,436800.0
2019-02-24,422720.0
2019-02-25,432640.0
2019-02-26,428490.0
2019-02-27,426870.0
2019-03-02,409790.0
2019-03-03,401710.0
2019-03-04,417640.0
2019-03-05,413020.0
2019-03-06,411630.0
2019-03-09,417800.0
2019-03-10,410710.0
2019-03-11,408630.0
2019-03-12,421330.0
2019-03-13,420180.0
2019-03-16,415160.0
2019-03-17,416020.0
2019-03-18,429870.0
2019-03-25,428000.0
2019-03-26,433100.0
2019-03-27,432900.0
2019-03-30,428500.0
2019-04-03,431530.0
2019-04-06,438000.0
2019-04-07,451800.0
2019-04-08,456700.0
2019-04-09,441900.0
2019-04-10,442300.0
2019-04-13,435600.0
2019-04-14,440300.0
2019-04-15,424300.0
2019-04-16,430100.0
2019-04-17,428700.0
2019-04-19,437610.0
2019-04-22,438200.0
2019-04-23,439300.0
2019-04-24,439100.0
2019-04-27,446000.0
2019-04-28,444600.0
2019-04-29,443500.0
2019-04-30,450900.0
2019-05-01,454300.0
2019-05-04,456700.0
2019-05-05,466100.0
2019-05-06,465000.0
2019-05-07,470300.0
2019-05-08,472100.0
2019-05-11,452300.0
2019-05-12,458500.0
2019-05-13,464700.0
2019-05-14,457800.0
2019-05-15,451800.0
2019-05-18,433800.0
2019-05-19,418100.0
2019-05-20,424600.0
2019-05-21,440300.0
2019-05-22,427800.0
2019-05-25,433100.0
2019-05-28,419000.0
2019-05-29,419300.0
2019-06-01,411900.0
2019-06-02,411600.0
2019-06-08,409300.0
2019-06-09,415100.0
2019-06-10,412100.0
2019-06-11,414200.0
2019-06-12,417600.0
2019-06-15,435200.0
2019-06-16,428900.0
2019-06-17,425000.0
2019-06-18,428500.0
2019-06-19,436100.0
2019-06-22,438200.0
2019-06-23,439600.0
2019-06-24,439800.0
2019-06-25,437000.0
2019-06-26,436300.0
2019-06-30,428300.0
2019-07-01,426900.0
2019-07-02,432900.0
2019-07-03,437500.0
2019-07-06,433100.0
2019-07-07,429900.0
2019-07-08,428500.0
2019-07-09,430100.0
2019-07-10,429900.0
2019-07-13,417600.0
2019-07-14,409800.0
2019-07-15,394800.0
2019-07-16,395200.0
2019-07-17,393200.0
2019-07-20,402600.0
2019-07-21,408400.0
2019-07-22,417200.0
2019-07-23,403300.0
2019-07-24,396900.0
2019-07-27,404700.0
2019-07-28,408200.0
2019-07-29,408400.0
2019-07-30,403100.0
2019-07-31,404900.0
2019-08-03,407500.0
2019-08-04,414200.0
2019-08-05,414400.0
2019-08-06,421100.0
2019-08-07,418100.0
2019-08-10,410500.0
2019-08-13,415600.0
2019-08-14,416000.0
2019-08-17,417200.0
2019-08-18,414400.0
2019-08-21,413500.0
2019-08-24,411900.0
2019-08-25,403600.0
2019-08-26,407900.0
2019-08-27,407700.0
2019-08-28,409100.0
2019-08-31,411200.0
2019-09-01,411900.0
2019-09-02,413500.0
2019-09-03,412800.0
2019-09-04,414200.0
2019-09-07,414600.0
2019-09-11,410900.0
2019-09-14,404000.0
2019-09-15,407900.0
2019-09-16,407500.0
2019-09-17,409600.0
2019-09-18,409600.0
2019-09-21,408900.0
2019-09-22,407700.0
2019-09-23,409300.0
2019-09-24,408900.0
2019-09-25,408400.0
2019-09-28,409800.0
2019-09-29,408200.0
2019-09-30,405600.0
2019-10-01,408400.0
2019-10-02,409300.0
2019-10-05,407500.0
2019-10-06,407700.0
2019-10-07,408400.0
2019-10-08,408200.0
2019-10-09,408600.0
2019-10-12,404900.0
2019-10-13,405200.0
2019-10-14,406100.0
2019-10-15,404900.0
2019-10-16,404900.0
2019-10-20,403100.0
2019-10-21,401000.0
2019-10-22,395900.0
2019-10-23,393400.0
2019-10-25,399550.0
2019-10-27,399540.0
2019-10-30,402400.0
2019-11-02,407000.0
2019-11-03,406600.0
2019-11-04,408200.0
2019-11-06,404780.0
2019-11-09,406800.0
2019-11-10,406300.0
2019-11-11,407000.0
2019-11-12,411900.0
2019-11-13,411600.0
2019-11-16,425900.0
2019-11-17,426400.0
2019-11-18,422500.0
2019-11-19,423400.0
2019-11-20,423900.0
2019-11-23,423600.0
2019-11-24,428700.0
2019-11-25,425700.0
2019-11-26,431300.0
2019-11-27,435200.0
2019-11-30,442800.0
2019-12-01,441400.0
2019-12-02,445300.0
2019-12-03,450000.0
2019-12-04,454800.0
2019-12-07,466800.0
2019-12-08,476500.0
2019-12-09,463800.0
2019-12-10,457600.0
2019-12-11,449500.0
2019-12-14,447400.0
2019-12-15,453200.0
2019-12-16,458500.0
2019-12-17,451100.0
2019-12-18,456400.0
2019-12-21,461300.0
2019-12-22,463800.0
2019-12-23,463800.0
2019-12-24,468200.0
2019-12-25,470500.0
2019-12-28,466300.0
2019-12-29,469400.0
2019-12-30,477200.0
2019-12-31,475400.0
2020-01-01,478400.0
2020-01-04,501900.0
2020-01-05,503500.0
2020-01-06,506500.0
2020-01-07,503500.0
2020-01-08,481400.0
2020-01-11,489200.0
2020-01-12,490800.0
2020-01-13,492200.0
2020-01-14,495900.0
2020-01-15,498700.0
2020-01-18,497500.0
2020-01-19,497700.0
2020-01-20,493400.0
2020-01-21,497100.0
2020-01-22,499800.0
2020-01-25,505600.0
2020-01-26,511100.0
2020-01-27,511600.0
2020-01-28,511600.0
2020-01-30,514400.0
2020-02-01,509800.0
2020-02-02,510000.0
2020-02-03,504000.0
2020-02-04,507000.0
2020-02-05,507700.0
2020-02-06,507700.0
2020-02-08,516900.0
2020-02-09,519200.0
2020-02-10,519200.0
2020-02-12,517400.0
2020-02-13,517400.0
2020-02-15,533300.0
2020-02-16,536500.0
2020-02-17,540900.0
2020-02-18,548300.0
2020-02-19,548500.0
2020-02-20,548500.0
2020-02-23,628600.0
2020-02-24,628900.0
2020-02-25,625000.0
2020-02-26,620800.0
2020-02-27,620800.0
2020-02-29,599300.0
2020-03-01,592900.0
2020-03-02,598900.0
2020-03-03,598200.0
2020-03-04,598900.0
2020-03-05,598900.0
2020-03-07,603000.0
2020-03-09,607900.0
2020-03-10,592900.0
2020-03-11,591500.0
2020-03-12,591500.0
2020-03-14,597500.0
2020-03-15,588900.0
2020-03-16,609500.0
2020-03-17,602600.0
2020-03-18,602600.0
2020-03-24,617800.0
2020-03-25,617600.0
2020-03-26,617600.0
2020-03-28,637400.0
2020-03-29,638800.0
2020-03-30,639000.0
2020-04-02,637200.0
2020-04-04,654300.0
2020-04-05,653400.0
2020-04-06,648300.0
2020-04-07,632600.0
2020-04-08,632600.0
2020-04-11,643700.0
2020-04-12,641100.0
2020-04-13,640000.0
2020-04-14,636300.0
2020-04-15,629100.0
2020-04-16,629100.0
2020-04-18,610400.0
2020-04-19,611600.0
2020-04-20,626800.0
2020-04-21,654500.0
2020-04-22,645700.0
2020-04-23,645700.0
2020-04-25,637000.0
2020-04-26,637900.0
2020-04-27,638300.0
2020-04-28,640700.0
2020-04-29,640000.0
2020-04-30,640000.0
2020-05-02,639300.0
2020-05-03,646000.0
2020-05-04,645300.0
2020-05-05,648000.0
2020-05-06,651700.0
2020-05-07,651700.0
2020-05-09,666500.0
2020-05-10,675300.0
2020-05-11,687300.0
2020-05-12,690100.0
2020-05-13,684300.0
2020-05-14,684300.0
2020-05-16,715200.0
2020-05-17,721000.0
2020-05-18,740800.0
2020-05-19,742500.0
2020-05-20,736700.0
2020-05-21,736700.0
2020-05-23,729300.0
2020-05-26,697400.0
2020-05-27,719600.0
2020-05-28,719600.0
2020-05-30,719400.0
2020-05-31,726500.0
2020-06-01,732800.0
2020-06-06,712700.0
2020-06-07,709900.0
2020-06-08,728200.0
2020-06-09,734600.0
2020-06-10,740400.0
2020-06-11,740400.0
2020-06-13,741800.0
2020-06-14,740200.0
2020-06-15,756300.0
2020-06-16,756300.0
2020-06-18,765800.0
2020-06-20,802700.0
2020-06-21,821400.0
2020-06-22,844500.0
2020-06-23,835500.0
2020-06-24,812400.0
2020-06-25,812400.0
2020-06-27,855600.0
2020-06-28,857000.0
2020-06-29,874100.0
2020-06-30,865500.0
2020-07-01,889100.0
2020-07-04,929700.0
2020-07-05,929200.0
2020-07-06,938500.0
2020-07-07,959000.0
2020-07-08,966400.0
2020-07-09,966400.0
2020-07-11,966400.0
2020-07-12,986700.0
2020-07-13,995500.0
2020-07-14,1018300.0
2020-07-15,1037000.0
2020-07-16,1037000.0
2020-07-18,1058500.0
2020-07-20,950000.0
2020-07-21,966400.0
2020-07-22,952300.0
2020-07-23,952300.0
2020-07-26,1063100.0
2020-07-27,1065000.0
2020-07-28,1074700.0
2020-07-29,1084400.0
2020-07-30,1084400.0
2020-08-01,1068900.0
2020-08-02,1075600.0
2020-08-03,1078800.0
2020-08-04,1110000.0
2020-08-05,1128700.0
2020-08-06,1128700.0
2020-08-10,1031700.0
2020-08-11,1013700.0
2020-08-12,1025000.0
2020-08-13,1025000.0
2020-08-15,1038700.0
2020-08-16,1068400.0
2020-08-17,1059400.0
2020-08-18,1047900.0
2020-08-19,1052100.0
2020-08-20,1052100.0
2020-08-22,1040500.0
2020-08-23,1050000.0
2020-08-24,1053000.0
2020-08-25,1059700.0
2020-08-26,1061300.0
2020-08-27,1061300.0
2020-08-31,1116200.0
2020-09-01,1106500.0
2020-09-02,1106100.0
2020-09-03,1106100.0
2020-09-05,1097500.0
2020-09-06,1100500.0
2020-09-07,1122200.0
2020-09-08,1144200.0
2020-09-09,1154100.0
2020-09-10,1154100.0
2020-09-12,1197700.0
2020-09-13,1178600.0
2020-09-14,1219400.0
2020-09-15,1228400.0
2020-09-16,1215300.0
2020-09-17,1215300.0
2020-09-19,1248800.0
2020-09-20,1225700.0
2020-09-21,1235600.0
2020-09-22,1246400.0
2020-09-23,1246900.0
2020-09-24,1246900.0
2020-09-26,1256800.0
2020-09-27,1264900.0
2020-09-28,1292600.0
2020-09-29,1324000.0
2020-09-30,1351500.0
2020-10-01,1351500.0
2020-10-03,1301200.0
2020-10-04,1338300.0
2020-10-05,1365300.0
2020-10-06,1356100.0
2020-10-07,1356100.0
2020-10-11,1473800.0
2020-10-12,1475500.0
2020-10-13,1464400.0
2020-10-14,1494400.0
2020-10-20,1287500.0
2020-10-21,1356800.0
2020-10-22,1356800.0
2020-10-24,1315500.0
2020-10-26,1281800.0
2020-10-27,1253400.0
2020-10-28,1241800.0
2020-10-29,1241800.0
2020-10-31,1236500.0
2020-11-02,1315200.0
2020-11-07,1166300.0
2020-11-08,1223100.0
2020-11-09,1222900.0
2020-11-10,1219200.0
2020-11-11,1213400.0
2020-11-12,1213400.0
2020-11-14,1161700.0
2020-11-15,1171000.0
2020-11-16,1160300.0
2020-11-17,1122500.0
2020-11-18,1113000.0
2020-11-19,1113000.0
2020-11-21,1129900.0
2020-11-22,1112800.0
2020-11-23,1063400.0
2020-11-24,1056200.0
2020-11-25,1046100.0
2020-11-26,1046100.0
2020-11-28,1053000.0
2020-11-29,1055500.0
2020-11-30,1107900.0
2020-12-01,1107000.0
2020-12-02,1128200.0
2020-12-05,1127500.0
2020-12-06,1130100.0
2020-12-07,1144200.0
2020-12-08,1152500.0
2020-12-09,1152000.0
2020-12-10,1152000.0
2020-12-12,1129400.0
2020-12-13,1127100.0
2020-12-14,1137900.0
2020-12-15,1129900.0
2020-12-16,1137200.0
2020-12-17,1137200.0
2020-12-19,1137000.0
2020-12-20,1141200.0
2020-12-21,1142100.0
2020-12-22,1149000.0
2020-12-23,1153900.0
2020-12-24,1153900.0
2020-12-26,1146500.0
2020-12-27,1149300.0
2020-12-28,1143700.0
2020-12-29,1146900.0
2020-12-30,1154800.0
2021-01-02,1158000.0
2021-01-03,1188300.0
2021-01-04,1206500.0
2021-01-05,1166800.0
2021-01-06,1157300.0
2021-01-07,1157300.0
2021-01-09,1108600.0
2021-01-10,1101500.0
2021-01-11,1106100.0
2021-01-12,1082800.0
2021-01-13,1039100.0
2021-01-14,1039100.0
2021-01-16,999900.0
2021-01-18,962200.0
2021-01-19,992300.0
2021-01-20,1035200.0
2021-01-21,1035200.0
2021-01-23,1054600.0
2021-01-24,1065000.0
2021-01-25,1046500.0
2021-01-26,1055700.0
2021-01-27,1073100.0
2021-01-28,1073100.0
2021-01-30,1107700.0
2021-01-31,1094100.0
2021-02-01,1095500.0
2021-02-02,1088300.0
2021-02-03,1074400.0
2021-02-04,1074400.0
2021-02-06,1087600.0
2021-02-07,1131000.0
2021-02-08,1139800.0
2021-02-09,1139800.0
2021-02-11,1164900.0
2021-02-13,1152900.0
2021-02-14,1134500.0
2021-02-15,1153400.0
2021-02-16,1134900.0
2021-02-17,1140900.0
2021-02-18,1140900.0
2021-02-20,1082500.0
2021-02-21,1072100.0
2021-02-22,1091500.0
2021-02-23,1101900.0
2021-02-24,1101900.0
2021-02-27,1077200.0
2021-02-28,1081800.0
2021-03-01,1065000.0
2021-03-02,1062400.0
2021-03-03,1052100.0
2021-03-04,1052100.0
2021-03-06,1028700.0
2021-03-07,1012600.0
2021-03-08,1021100.0
2021-03-09,1028700.0
2021-03-10,1028700.0
2021-03-13,1044200.0
2021-03-14,1050400.0
2021-03-15,1066400.0
2021-03-16,1076800.0
2021-03-17,1085500.0
2021-03-18,1085500.0
2021-03-24,1083210.0
2021-03-27,1095500.0
2021-03-28,1103100.0
2021-03-30,1084600.0
2021-03-31,1084600.0
2021-04-03,1059900.0
2021-04-04,1059200.0
2021-04-05,1070100.0
2021-04-06,1058500.0
2021-04-07,1051100.0
2021-04-08,1051100.0
2021-04-10,1032900.0
2021-04-11,1039100.0
2021-04-12,1042800.0
2021-04-13,1037500.0
2021-04-14,1045400.0
2021-04-15,1045400.0
2021-04-17,1039600.0
2021-04-18,1019000.0
2021-04-19,1022800.0
2021-04-20,1021600.0
2021-04-21,1011700.0
2021-04-22,1011700.0
2021-04-24,1005700.0
2021-04-25,993600.0
2021-04-26,998300.0
2021-04-27,996400.0
2021-04-28,987400.0
2021-04-29,987400.0
2021-05-01,939900.0
2021-05-02,939400.0
2021-05-03,939400.0
2021-05-05,939900.0
2021-05-06,939900.0
2021-05-08,938700.0
2021-05-09,968500.0
2021-05-11,985300.0
2021-05-12,994300.0
2021-05-15,1028700.0
2021-05-16,1014200.0
2021-05-17,1029000.0
2021-05-18,1015600.0
2021-05-19,1019300.0
2021-05-20,1019300.0
2021-05-22,1029200.0
2021-05-23,1036800.0
2021-05-24,1032900.0
2021-05-25,1044200.0
2021-05-26,1046700.0
2021-05-27,1046700.0
2021-05-29,1080000.0
2021-05-30,1100300.0
2021-05-31,1098000.0
2021-06-01,1096400.0
2021-06-02,1079300.0
2021-06-03,1079300.0
2021-06-07,1074700.0
2021-06-08,1083200.0
2021-06-09,1073500.0
2021-06-10,1073500.0
2021-06-12,1075800.0
2021-06-13,1068200.0
2021-06-14,1071700.0
2021-06-15,1080900.0
2021-06-16,1065400.0
2021-06-17,1065400.0
2021-06-19,1028300.0
2021-06-20,1035200.0
2021-06-21,1044000.0
2021-06-22,1038200.0
2021-06-23,1033800.0
2021-06-24,1033800.0
2021-06-26,1058500.0
2021-06-27,1065700.0
2021-06-28,1064100.0
2021-06-29,1072400.0
2021-06-30,1067800.0
2021-07-01,1067800.0
2021-07-03,1059700.0
2021-07-04,1057600.0
2021-07-05,1067300.0
2021-07-06,1060400.0
2021-07-07,1064100.0
2021-07-10,1064800.0
2021-07-11,1061300.0
2021-07-12,1053900.0
2021-07-13,1049100.0
2021-07-14,1059000.0
2021-07-15,1059000.0
2021-07-17,1050700.0
2021-07-18,1047700.0
2021-07-19,1056000.0
2021-07-20,1056000.0
2021-07-22,1053700.0
2021-07-24,1060600.0
2021-07-25,1074900.0
2021-07-26,1077500.0
2021-07-27,1095700.0
2021-07-28,1095700.0
2021-07-31,1097500.0
2021-08-01,1093800.0
2021-08-02,1099600.0
2021-08-03,1098900.0
2021-08-04,1100800.0
2021-08-05,1100800.0
2021-08-07,1086500.0
2021-08-08,1084800.0
2021-08-09,1092000.0
2021-08-10,1110200.0
2021-08-11,1107000.0
2021-08-12,1107000.0
2021-08-14,1137700.0
2021-08-15,1148800.0
2021-08-16,1144900.0
2021-08-17,1144900.0
2021-08-21,1154800.0
2021-08-22,1173300.0
2021-08-23,1175600.0
2021-08-24,1171900.0
2021-08-25,1171200.0
2021-08-26,1171200.0
2021-08-28,1182300.0
2021-08-29,1153900.0
2021-08-30,1165200.0
2021-08-31,1154300.0
2021-09-01,1161900.0
2021-09-02,1161900.0
2021-09-04,1169100.0
2021-09-05,1166100.0
2021-09-06,1168200.0
2021-09-07,1180600.0
2021-09-08,1183600.0
2021-09-09,1183600.0
2021-09-11,1157300.0
2021-09-12,1155900.0
2021-09-13,1166800.0
2021-09-14,1154600.0
2021-09-15,1151600.0
2021-09-16,1151600.0
2021-09-18,1133600.0
2021-09-19,1132200.0
2021-09-20,1142600.0
2021-09-21,1142600.0
2021-09-22,1152300.0
2021-09-23,1156200.0
2021-09-25,1141900.0
2021-09-26,1146000.0
2021-09-28,1151300.0
2021-09-29,1157300.0
2021-09-30,1164500.0
2021-10-02,1160800.0
2021-10-03,1169100.0
2021-10-04,1169100.0
2021-10-06,1159400.0
2021-10-09,1141400.0
2021-10-11,1131900.0
2021-10-12,1141400.0
2021-10-13,1141600.0
2021-10-14,1141600.0
2021-10-16,1141200.0
2021-10-17,1137000.0
2021-10-18,1147200.0
2021-10-19,1142600.0
2021-10-20,1149000.0
2021-10-21,1149000.0
2021-10-23,1162900.0
2021-10-25,1163300.0
2021-10-26,1171400.0
2021-10-27,1171600.0
2021-10-28,1171600.0
2021-10-30,1168400.0
2021-10-31,1171600.0
2021-11-01,1168400.0
2021-11-02,1171600.0
2021-11-03,1168400.0
2021-11-04,1168400.0
2021-11-06,1201400.0
2021-11-07,1203700.0
2021-11-08,1214600.0
2021-11-09,1252000.0
2021-11-10,1263800.0
2021-11-11,1263800.0
2021-11-13,1270200.0
2021-11-14,1260800.0
2021-11-15,1255000.0
2021-11-16,1249400.0
2021-11-17,1240400.0
2021-11-18,1240400.0
2021-11-20,1239500.0
2021-11-21,1252000.0
2021-11-22,1235800.0
2021-11-23,1252400.0
2021-11-24,1250400.0
2021-11-25,1250400.0
2021-11-27,1257300.0
2021-11-28,1269500.0
2021-11-29,1251100.0
2021-11-30,1261500.0
2021-12-01,1258900.0
2021-12-02,1258900.0
2021-12-04,1304400.0
2021-12-05,1319400.0
2021-12-06,1316900.0
2021-12-07,1309500.0
2021-12-08,1306700.0
2021-12-09,1306700.0
2021-12-11,1293300.0
2021-12-12,1286800.0
2021-12-13,1297900.0
2021-12-14,1292200.0
2021-12-15,1299100.0
2021-12-16,1299100.0
2021-12-18,1281500.0
2021-12-19,1286200.0
2021-12-20,1297200.0
2021-12-21,1300500.0
2021-12-22,1301900.0
2021-12-23,1301900.0
2021-12-25,1297900.0
2021-12-26,1293500.0
2021-12-27,1287300.0
2021-12-28,1287800.0
2021-12-29,1297500.0
2021-12-30,1297500.0
2022-01-01,1293800.0
2022-01-02,1280800.0
2022-01-03,1266800.0
2022-01-04,1265400.0
2022-01-05,1265400.0
2022-01-09,1198400.0
2022-01-10,1225400.0
2022-01-11,1210900.0
2022-01-12,1227500.0
2022-01-13,1227500.0
2022-01-15,1197700.0
2022-01-16,1185500.0
2022-01-17,1191700.0
2022-01-18,1210000.0
2022-01-19,1218000.0
2022-01-20,1218000.0
2022-01-22,1234900.0
2022-01-23,1241600.0
2022-01-24,1239700.0
2022-01-25,1238100.0
2022-01-26,1232400.0
2022-01-27,1232400.0
2022-01-29,1227700.0
2022-01-30,1216700.0
2022-01-31,1216900.0
2022-02-01,1208800.0
2022-02-02,1210900.0
2022-02-03,1210900.0
2022-02-05,1184800.0
2022-02-06,1177600.0
2022-02-07,1155500.0
2022-02-08,1165600.0
2022-02-09,1163600.0
2022-02-10,1163600.0
2022-02-12,1217600.0
2022-02-13,1212000.0
2022-02-16,1204900.0
2022-02-19,1173000.0
2022-02-20,1174900.0
2022-02-21,1188500.0
2022-02-22,1190800.0
2022-02-23,1230100.0
2022-02-24,1230100.0
2022-02-26,1202100.0
2022-02-27,1203000.0
2022-02-28,1203000.0
2022-03-02,1200000.0
2022-03-03,1200000.0
2022-03-05,1196600.0
2022-03-06,1208600.0
2022-03-07,1248100.0
2022-03-08,1223800.0
2022-03-09,1217800.0
2022-03-10,1217800.0
2022-03-12,1238400.0
2022-03-13,1230100.0
2022-03-14,1224100.0
2022-03-15,1215700.0
2022-03-16,1229100.0
2022-03-17,1229100.0
2022-03-18,1233130.0
2022-03-26,1245100.0
2022-03-27,1244800.0
2022-03-28,1249400.0
2022-03-29,1257100.0
2022-03-30,1257800.0
2022-03-31,1257800.0
2022-04-03,1275800.0
2022-04-04,1294000.0
2022-04-05,1280200.0
2022-04-06,1287800.0
2022-04-07,1287800.0
2022-04-09,1321000.0
2022-04-10,1318200.0
2022-04-11,1324200.0
2022-04-12,1314800.0
2022-04-13,1306900.0
2022-04-14,1306900.0
2022-04-16,1316600.0
2022-04-17,1313600.0
2022-04-18,1299300.0
2022-04-19,1307600.0
2022-04-20,1307600.0
2022-04-24,1277800.0
2022-04-25,1286200.0
2022-04-26,1292400.0
2022-04-27,1294900.0
2022-04-28,1294900.0
2022-04-30,1296500.0
2022-05-01,1292200.0
2022-05-02,1292200.0
2022-05-05,1307200.0
2022-05-07,1311100.0
2022-05-08,1310400.0
2022-05-09,1318500.0
2022-05-11,1344100.0
2022-05-12,1395100.0
2022-05-14,1381700.0
2022-05-15,1374600.0
2022-05-16,1360000.0
2022-05-17,1350100.0
2022-05-18,1356100.0
2022-05-19,1356100.0
2022-05-21,1379700.0
2022-05-22,1378300.0
2022-05-23,1379400.0
2022-05-24,1380100.0
2022-05-25,1388900.0
2022-05-28,1406700.0
2022-05-29,1421700.0
2022-05-30,1427000.0
2022-05-31,1447300.0
2022-06-01,1430400.0
2022-06-02,1430400.0
2022-06-06,1442000.0
2022-06-07,1442900.0
2022-06-08,1487000.0
2022-06-09,1440800.0
2022-06-11,1508200.0
2022-06-12,1471500.0
2022-06-13,1444800.0
2022-06-14,1427400.0
2022-06-15,1414500.0
2022-06-16,1414500.0
2022-06-18,1427000.0
2022-06-19,1432600.0
2022-06-20,1439000.0
2022-06-21,1443400.0
2022-06-22,1444500.0
2022-06-23,1444500.0
2022-06-25,1393500.0
2022-06-26,1353800.0
2022-06-27,1357700.0
2022-06-28,1384300.0
2022-06-29,1434100.0
2022-06-30,1434100.0
2022-07-02,1423500.0
2022-07-03,1424700.0
2022-07-04,1364600.0
2022-07-05,1372000.0
2022-07-06,1381700.0
2022-07-07,1381700.0
2022-07-09,1384500.0
2022-07-11,1381300.0
2022-07-12,1399700.0
2022-07-13,1381000.0
2022-07-14,1381000.0
2022-07-16,1367200.0
2022-07-17,1367200.0
2022-07-19,1350600.0
2022-07-20,1353600.0
2022-07-21,1353600.0
2022-07-23,1348500.0
2022-07-24,1345700.0
2022-07-25,1353800.0
2022-07-26,1353100.0
2022-07-27,1362300.0
2022-07-28,1362300.0
2022-07-30,1368300.0
2022-07-31,1359800.0
2022-08-01,1366500.0
2022-08-02,1355000.0
2022-08-03,1374100.0
2022-08-04,1374100.0
2022-08-06,1367600.0
2022-08-09,1358900.0
2022-08-10,1373200.0
2022-08-11,1373200.0
2022-08-13,1328200.0
2022-08-14,1300500.0
2022-08-15,1302800.0
2022-08-16,1284500.0
2022-08-17,1275100.0
2022-08-18,1275100.0
2022-08-20,1236100.0
2022-08-21,1233700.0
2022-08-22,1251100.0
2022-08-23,1248500.0
2022-08-24,1284500.0
2022-08-25,1284500.0
2022-08-27,1256100.0
2022-08-28,1264700.0
2022-08-29,1265400.0
2022-08-30,1269100.0
2022-08-31,1256400.0
2022-09-01,1256400.0
2022-09-03,1283400.0
2022-09-04,1273000.0
2022-09-05,1276200.0
2022-09-06,1275800.0
2022-09-07,1282700.0
2022-09-08,1282700.0
2022-09-10,1298900.0
2022-09-11,1325900.0
2022-09-12,1337900.0
2022-09-13,1325200.0
2022-09-14,1322400.0
2022-09-15,1322400.0
2022-09-18,1306900.0
2022-09-19,1306500.0
2022-09-20,1321200.0
2022-09-21,1332300.0
2022-09-22,1332300.0
2022-09-24,1310900.0
2022-09-26,1311300.0
2022-09-28,1329800.0
2022-09-29,1329800.0
2022-10-01,1376700.0
2022-10-02,1392800.0
2022-10-03,1398600.0
2022-10-04,1398600.0
2022-10-05,1376200.0
2022-10-08,1350100.0
2022-10-09,1353800.0
2022-10-10,1359800.0
2022-10-11,1361400.0
2022-10-12,1361600.0
2022-10-13,1361600.0
2022-10-15,1355000.0
2022-10-16,1349200.0
2022-10-17,1345000.0
2022-10-18,1340400.0
2022-10-19,1340600.0
2022-10-20,1340600.0
2022-10-22,1342000.0
2022-10-23,1336900.0
2022-10-24,1348300.0
2022-10-25,1361600.0
2022-10-26,1361600.0
2022-10-29,1356100.0
2022-10-30,1360500.0
2022-10-31,1374800.0
2022-11-01,1396500.0
2022-11-02,1393000.0
2022-11-03,1393000.0
2022-11-06,1486100.0
2022-11-07,1474500.0
2022-11-08,1466700.0
2022-11-09,1466000.0
2022-11-10,1466000.0
2022-11-12,1487000.0
2022-11-13,1508900.0
2022-11-14,1520500.0
2022-11-15,1514700.0
2022-11-16,1485600.0
2022-11-17,1485600.0
2022-11-19,1501300.0
2022-11-20,1491600.0
2022-11-21,1499700.0
2022-11-22,1495500.0
2022-11-23,1503400.0
2022-11-24,1503400.0
2022-11-26,1529700.0
2022-11-27,1528600.0
2022-11-28,1527600.0
2022-11-29,1554400.0
2022-11-30,1577300.0
2022-12-01,1577300.0
2022-12-03,1594800.0
2022-12-04,1580700.0
2022-12-05,1574700.0
2022-12-06,1576400.0
2022-12-07,1593400.0
2022-12-10,1646300.0
2022-12-11,1672400.0
2022-12-12,1697800.0
2022-12-13,1675200.0
2022-12-14,1690200.0
2022-12-15,1690200.0
2022-12-17,1742100.0
2022-12-18,1766400.0
2022-12-19,1741700.0
2022-12-20,1769400.0
2022-12-21,1800100.0
2022-12-22,1800100.0
2022-12-24,1846000.0
2022-12-25,1878300.0
2022-12-26,1878300.0
2022-12-29,1915300.0
2022-12-31,1855200.0
2023-01-01,1849700.0
2023-01-02,1795200.0
2023-01-03,1805600.0
2023-01-04,1804900.0
2023-01-05,1804900.0
2023-01-07,1899100.0
2023-01-08,1884600.0
2023-01-10,1887800.0
2023-01-11,1908600.0
2023-01-14,1921500.0
2023-01-15,1941800.0
2023-01-16,1991400.0
2023-01-17,2027200.0
2023-01-18,2033500.0
2023-01-21,2084000.0
2023-01-22,2083800.0
2023-01-23,2036500.0
2023-01-24,2062600.0
2023-01-25,2117500.0
2023-01-28,2136900.0
2023-01-29,2112700.0
2023-01-30,2070200.0
2023-01-31,2141500.0
2023-02-01,2178000.0
2023-02-05,2069000.0
2023-02-06,2068100.0
2023-02-07,2088000.0
2023-02-08,2111700.0
2023-02-12,2119800.0
2023-02-13,2142400.0
2023-02-14,2167400.0
2023-02-16,2201500.0
2023-02-20,2313500.0
2023-02-21,2400800.0
2023-02-25,2729000.0
2023-02-27,2605030.0
2023-02-28,2508600.0
2023-03-01,2501700.0
2023-03-05,2347200.0
2023-03-06,2320400.0
2023-03-07,2292880.0
2023-03-08,2249260.0
2023-03-13,2284000.0
2023-03-14,2316500.0
2023-03-15,2314700.0
2023-03-24,2637080.0
2023-03-25,2601860.0
2023-03-26,2632860.0
2023-03-27,2593360.0
2023-03-28,2630150.0
2023-03-29,2600920.0
2023-04-03,2582700.0
2023-04-04,2595200.0
2023-04-05,2549000.0
2023-04-06,2548700.0
2023-04-08,2486900.0
2023-04-09,2489900.0
2023-04-10,2550100.0
2023-04-12,2547230.0
2023-04-15,2550100.0
2023-04-16,2630000.0
2023-04-17,2554500.0
2023-04-18,2590800.0
2023-04-19,2605600.0
2023-04-23,2573350.0
2023-04-25,2573000.0
2023-04-26,2658000.0
2023-04-27,2658000.0
2023-04-29,2745200.0
2023-04-30,2748000.0
2023-05-01,2721700.0
2023-05-02,2726300.0
2023-05-03,2734600.0
2023-05-04,2734600.0
2023-05-06,2634400.0
2023-05-07,2658700.0
2023-05-08,2640900.0
2023-05-09,2652200.0
2023-05-10,2642500.0
2023-05-11,2642500.0
2023-05-13,2523400.0
2023-05-14,2589400.0
2023-05-17,2499800.0
2023-05-18,2499800.0
2023-05-20,2564200.0
2023-05-21,2577400.0
2023-05-22,2563300.0
2023-05-23,2536100.0
2023-05-24,2527100.0
2023-05-25,2527100.0
2023-05-27,2495900.0
2023-05-28,2526800.0
2023-05-29,2495700.0
2023-05-30,2495000.0
2023-05-31,2504000.0
2023-06-01,2504000.0
2023-06-03,2464700.0
2023-06-06,2386900.0
2023-06-07,2348600.0
2023-06-08,2348600.0
2023-06-10,2247200.0
2023-06-11,2276800.0
2023-06-12,2346500.0
2023-06-13,2327800.0
2023-06-14,2307700.0
2023-06-15,2307700.0
2023-06-17,2358500.0
2023-06-18,2310700.0
2023-06-19,2329700.0
2023-06-20,2300800.0
2023-06-21,2335200.0
2023-06-22,2335200.0
2023-06-24,2358100.0
2023-06-25,2359700.0
2023-06-26,2351100.0
2023-06-27,2348400.0
2023-06-28,2348400.0
2023-07-01,2400100.0
2023-07-02,2383200.0
2023-07-03,2384600.0
2023-07-04,2380700.0
2023-07-05,2383700.0
2023-07-06,2383700.0
2023-07-08,2357800.0
2023-07-09,2348600.0
2023-07-10,2327800.0
2023-07-11,2345600.0
2023-07-12,2349300.0
2023-07-13,2349300.0
2023-07-15,2318400.0
2023-07-16,2326200.0
2023-07-17,2312600.0
2023-07-18,2310700.0
2023-07-19,2317700.0
2023-07-20,2317700.0
2023-07-22,2272200.0
2023-07-23,2326900.0
2023-07-24,2334100.0
2023-07-25,2332900.0
2023-07-26,2332900.0
2023-07-29,2326200.0
2023-07-30,2367800.0
2023-07-31,2391800.0
2023-08-01,2391800.0
2023-08-02,2367040.0
2023-08-05,2360400.0
2023-08-06,2351600.0
2023-08-07,2340700.0
2023-08-08,2350700.0
2023-08-09,2349500.0
2023-08-10,2349500.0
2023-08-12,2321600.0
2023-08-13,2321100.0
2023-08-14,2322000.0
2023-08-15,2307700.0
2023-08-16,2304300.0
2023-08-17,2304300.0
2023-08-19,2263200.0
2023-08-20,2279800.0
2023-08-21,2319000.0
2023-08-22,2316300.0
2023-08-23,2313000.0
2023-08-24,2313000.0
2023-08-26,2317000.0
2023-08-27,2311200.0
2023-08-28,2322500.0
2023-08-29,2331500.0
2023-08-30,2329400.0
2023-08-31,2329400.0
2023-09-02,2363400.0
2023-09-03,2370800.0
2023-09-04,2362500.0
2023-09-05,2362500.0
2023-09-07,2353400.0
2023-09-09,2345600.0
2023-09-10,2341400.0
2023-09-11,2335700.0
2023-09-12,2348600.0
2023-09-13,2348600.0
2023-09-17,2334500.0
2023-09-18,2340300.0
2023-09-19,2333400.0
2023-09-20,2323400.0
2023-09-21,2323400.0
2023-09-23,2317400.0
2023-09-25,2315800.0
2023-09-26,2286500.0
2023-09-27,2291800.0
2023-09-28,2291800.0
2023-09-30,2261100.0
2023-10-01,2250500.0
2023-10-02,2250500.0
2023-10-04,2243800.0
2023-10-05,2243800.0
2023-10-08,2453400.0
2023-10-09,2399900.0
2023-10-10,2398500.0
2023-10-11,2396800.0
2023-10-12,2396800.0
2023-10-14,2407500.0
2023-10-15,2346800.0
2023-10-16,2397300.0
2023-10-17,2437500.0
2023-10-18,2441200.0
2023-10-21,2425900.0
2023-10-22,2406100.0
2023-10-23,2433100.0
2023-10-24,2459200.0
2023-10-25,2476500.0
2023-10-27,2528700.0
2023-10-28,2496600.0
2023-10-29,2485700.0
2023-10-30,2496100.0
2023-10-31,2498700.0
2023-11-01,2516700.0
2023-11-03,2465900.0
2023-11-04,2469600.0
2023-11-05,2465400.0
2023-11-06,2438200.0
2023-11-07,2434900.0
2023-11-08,2437500.0
2023-11-10,2423600.0
2023-11-11,2409100.0
2023-11-12,2413000.0
2023-11-13,2416900.0
2023-11-14,2422200.0
2023-11-15,2424600.0
2023-11-17,2434000.0
2023-11-18,2424100.0
2023-11-19,2403100.0
2023-11-20,2422200.0
2023-11-21,2414400.0
2023-11-22,2422200.0
2023-11-24,2451100.0
2023-11-25,2440700.0
2023-11-26,2437700.0
2023-11-27,2457590.0
2023-11-28,2475100.0
2023-11-29,2479000.0
2023-12-01,2525400.0
2023-12-02,2523600.0
2023-12-03,2492900.0
2023-12-04,2495400.0
2023-12-05,2467300.0
2023-12-06,2475600.0
2023-12-08,2451300.0
2023-12-09,2454100.0
2023-12-10,2438200.0
2023-12-11,2444400.0
2023-12-12,2449300.0
2023-12-13,2482300.0
2023-12-15,2456900.0
2023-12-17,2447600.0
2023-12-18,2454300.0
2023-12-19,2457630.0
2023-12-20,2463800.0
2023-12-22,2488300.0
2023-12-23,2469100.0
2023-12-24,2455500.0
2023-12-25,2476500.0
2023-12-26,2506000.0
2023-12-27,2501900.0
2023-12-29,2515500.0
2023-12-30,2504900.0
2023-12-31,2525200.0
2024-01-01,2545100.0
2024-01-02,2550400.0
2024-01-03,2564700.0
2024-01-05,2567700.0
2024-01-06,2582000.0
2024-01-07,2565800.0
2024-01-08,2594700.0
2024-01-09,2608600.0
2024-01-10,2613900.0
2024-01-12,2692100.0
2024-01-13,2655200.0
2024-01-14,2657700.0
2024-01-15,2673700.0
2024-01-16,2709700.0
2024-01-17,2694400.0
2024-01-19,2729300.0
2024-01-20,2722100.0
2024-01-21,2710800.0
2024-01-22,2731600.0
2024-01-23,2752800.0
2024-01-26,2804800.0
2024-01-27,2797200.0
2024-01-28,2909100.0
2024-01-29,2910800.0
2024-01-30,2884200.0
2024-01-31,2793950.0
2024-02-02,2781500.0
2024-02-03,2754700.0
2024-02-04,2762800.0
2024-02-05,2768790.0
2024-02-06,2788200.0
2024-02-09,2753500.0
2024-02-11,2749400.0
2024-02-12,2742900.0
2024-02-13,2757500.0
2024-02-14,2776600.0
2024-02-16,2805500.0
2024-02-18,2816800.0
2024-02-19,2799000.0
2024-02-20,2827000.0
2024-02-21,2841300.0
2024-02-23,2864100.0
2024-02-25,2877100.0
2024-02-26,2910800.0
2024-02-27,2898800.0
2024-02-28,2900100.0
2024-03-01,2990200.0
2024-03-02,2987200.0
2024-03-03,3107000.0
2024-03-04,3164500.0
2024-03-05,3189200.0
2024-03-06,3188280.0
2024-03-08,3150900.0
2024-03-09,3091100.0
2024-03-10,3131200.0
2024-03-11,3093400.0
2024-03-12,3084800.0
2024-03-13,3107700.0
2024-03-15,3138200.0
2024-03-16,3200700.0
2024-03-17,3253600.0
2024-03-23,3262600.0
2024-03-24,3227700.0
2024-03-25,3222700.0
2024-03-26,3260500.0
2024-03-27,3273400.0
2024-03-29,3308500.0
2024-04-01,3435500.0
2024-04-02,3549800.0
2024-04-03,3594800.0
2024-04-05,3680900.0
2024-04-06,3552800.0
2024-04-07,3526000.0
2024-04-08,3623700.0
2024-04-13,3734900.0
2024-04-14,3743300.0
2024-04-15,3789200.0
2024-04-16,3826800.0
2024-04-17,3829800.0
2024-04-19,3662000.0
2024-04-20,3712600.0
2024-04-21,3641000.0
2024-04-22,3563900.0
2024-04-23,3533900.0
2024-04-24,3523200.0
2024-04-26,3436000.0
2024-04-27,3326500.0
2024-04-28,3500400.0
2024-04-29,3457000.0
2024-04-30,3437100.0
2024-05-01,3448700.0
2024-05-04,3363000.0
2024-05-05,3496700.0
2024-05-06,3427900.0
2024-05-07,3417000.0
2024-05-08,3408500.0
2024-05-10,3405000.0
2024-05-11,3374800.0
2024-05-12,3346600.0
2024-05-13,3347600.0
2024-05-14,3372300.0
2024-05-15,3364200.0
2024-05-17,3305800.0
2024-05-20,3355200.0
2024-05-21,3336200.0
2024-05-22,3326800.0
2024-05-24,3277800.0
2024-05-25,3289400.0
2024-05-26,3354200.0
2024-05-27,3396500.0
2024-05-28,3370200.0
2024-05-29,3369000.0
2024-05-31,3333500.0
2024-06-01,3393500.0
2024-06-04,3359600.0
2024-06-05,3370600.0
2024-06-07,3332800.0
2024-06-08,3333000.0
2024-06-09,3312200.0
2024-06-10,3298100.0
2024-06-11,3321900.0
2024-06-12,3311300.0
2024-06-14,3349900.0
2024-06-15,3365800.0
2024-06-17,3355900.0
2024-06-18,3362230.0
2024-06-19,3366900.0
2024-06-21,3363700.0
2024-06-22,3409700.0
2024-06-23,3460400.0
2024-06-25,3438100.0
2024-06-26,3498100.0
2024-06-28,3512400.0
2024-06-29,3548200.0
2024-06-30,3530600.0
2024-07-01,3478500.0
2024-07-02,3481000.0
2024-07-03,3493900.0
2024-07-05,3432100.0
2024-07-06,3425400.0
2024-07-07,3380800.0
2024-07-08,3340900.0
2024-07-09,3357000.0
2024-07-10,3372300.0
2024-07-12,3384500.0
2024-07-13,3398600.0
2024-07-16,3396300.0
2024-07-17,3388200.0
2024-07-19,3362100.0
2024-07-20,3353100.0
2024-07-21,3343600.0
2024-07-22,3363000.0
2024-07-23,3395800.0
2024-07-24,3373400.0
2024-07-26,3388200.0
2024-07-27,3406200.0
2024-07-28,3427900.0
2024-07-29,3461600.0
2024-07-30,3562700.0
2024-07-31,3615600.0
2024-08-02,3697500.0
2024-08-03,3599900.0
2024-08-04,3560200.0
2024-08-05,3519800.0
2024-08-06,3582600.0
2024-08-07,3561300.0
2024-08-09,3522100.0
2024-08-10,3468300.0
2024-08-11,3542200.0
2024-08-12,3497800.0
2024-08-13,3475200.0
2024-08-14,3467100.0
2024-08-16,3477500.0
2024-08-18,3496200.0
2024-08-19,3537600.0
2024-08-20,3575900.0
2024-08-21,3582800.0
2024-08-23,3587200.0
2024-08-25,3617700.0
2024-08-26,3588300.0
2024-08-27,3614700.0
2024-08-28,3632000.0
2024-08-30,3624400.0
2024-08-31,3675400.0
2024-09-02,3643300.0
2024-09-04,3645400.0
2024-09-06,3603800.0
2024-09-07,3606600.0
2024-09-08,3629200.0
2024-09-09,3652300.0
2024-09-10,3662900.0
2024-09-13,3706300.0
2024-09-14,3689500.0
2024-09-15,3709300.0
2024-09-16,3733100.0
2024-09-17,3731300.0
2024-09-18,3738200.0
2024-09-21,3805400.0
2024-09-22,3849700.0
2024-09-23,3907200.0
2024-09-24,3878100.0
2024-09-25,3905100.0
2024-09-27,4026100.0
2024-09-28,3978700.0
2024-09-29,3937600.0
2024-09-30,4050100.0
2024-10-01,4078500.0
2024-10-02,4105000.0
2024-10-04,4093000.0
2024-10-05,4141000.0
2024-10-06,4099900.0
2024-10-07,4034600.0
2024-10-08,4067400.0
2024-10-09,4092800.0
2024-10-11,4036500.0
2024-10-12,4081900.0
2024-10-13,4107800.0
2024-10-14,4105000.0
2024-10-15,4162500.0
2024-10-16,4179400.0
2024-10-18,4253500.0
2024-10-19,4275900.0
2024-10-20,4325500.0
2024-10-21,4436800.0
2024-10-22,4567700.0
2024-10-23,4597000.0
2024-10-25,4376800.0
2024-10-26,4448100.0
2024-10-27,4536300.0
2024-10-28,4626800.0
2024-10-29,4750800.0
2024-10-30,4612700.0
2024-11-01,4659300.0
2024-11-02,4679000.0
2024-11-03,4618500.0
2024-11-04,4609700.0
2024-11-05,4570900.0
2024-11-06,4543200.0
2024-11-08,4546700.0
2024-11-09,4445800.0
2024-11-10,4246300.0
2024-11-11,4322300.0
2024-11-12,4374400.0
2024-11-13,4298300.0
2024-11-15,4296200.0
2024-11-16,4287200.0
2024-11-17,4356900.0
2024-11-18,4436100.0
2024-11-19,4495000.0
2024-11-20,4519700.0
2024-11-22,4660500.0
2024-11-23,4567700.0
2024-11-24,4473500.0
2024-11-25,4470300.0
2024-11-26,4511100.0
2024-11-27,4563100.0
2024-11-29,4579500.0
2024-11-30,4564900.0
2024-12-01,4591900.0
2024-12-02,4621700.0
2024-12-03,4686600.0
2024-12-06,4615000.0
2024-12-07,4657900.0
2024-12-08,4694200.0
2024-12-09,4757900.0
2024-12-10,4861300.0
2024-12-11,4818200.0
2024-12-13,4867600.0
2024-12-14,4853500.0
2024-12-15,4941700.0
2024-12-16,4912400.0
2024-12-17,4969400.0
2024-12-18,4871000.0
2024-12-20,4891800.0
2024-12-21,4907100.0
2024-12-22,4987200.0
2024-12-23,5049300.0
2024-12-24,5077700.0
2024-12-25,5143200.0
2024-12-27,5263000.0
2024-12-28,5161200.0
2024-12-29,5230500.0
2024-12-30,5241300.0
2024-12-31,5218500.0
2025-01-01,5195600.0
2025-01-03,5156400.0
2025-01-04,5120600.0
2025-01-05,5117400.0
2025-01-06,5224000.0
2025-01-07,5271800.0
2025-01-08,5285000.0
2025-01-10,5353500.0
2025-01-11,5283400.0
2025-01-12,5328400.0
2025-01-14,5258700.0
2025-01-15,5229800.0
2025-01-17,5253800.0
2025-01-18,5247800.0
2025-01-19,5279700.0
2025-01-20,5411700.0
2025-01-21,5482400.0
2025-01-22,5516300.0
2025-01-24,5558600.0
2025-01-25,5610300.0
2025-01-26,5599000.0
2025-01-28,5534500.0
2025-01-29,5582800.0
2025-01-31,5676300.0
2025-02-01,5664500.0
2025-02-02,5704500.0
2025-02-03,5771200.0
2025-02-04,5902300.0
2025-02-05,5964200.0
2025-02-08,6620100.0
2025-02-10,6394800.0
2025-02-11,6382700.0
2025-02-12,6550400.0
2025-02-14,6543000.0
2025-02-15,6509000.0
2025-02-16,6473500.0
2025-02-17,6582200.0
2025-02-18,6756500.0
2025-02-19,6903400.0
2025-02-21,6792300.0
2025-02-22,6741500.0
2025-02-23,6656800.0
2025-02-24,6580600.0
2025-02-25,6718400.0
2025-02-26,6630000.0
2025-02-28,6435800.0
2025-03-01,6511100.0
2025-03-02,6377400.0
2025-03-03,6435400.0
2025-03-04,6391500.0
2025-03-05,6378600.0
2025-03-07,6635800.0
2025-03-08,6718200.0
2025-03-09,6734100.0
2025-03-10,6674600.0
2025-03-11,6725800.0
2025-03-12,6811000.0
2025-03-14,6871300.0
2025-03-16,7697800.0
2025-03-17,8109400.0
2025-03-24,7938800.0
2025-03-25,7994900.0
2025-03-26,8114200.0
2025-03-28,8281400.0
2025-03-29,8181700.0
2025-04-02,8238200.0
2025-04-05,7986300.0
2025-04-06,7823600.0
2025-04-08,7543100.0
2025-04-09,7639800.0
2025-04-11,7378200.0
2025-04-13,6757900.0
2025-04-14,6733200.0
2025-04-15,6975400.0
2025-04-16,6871000.0
2025-04-18,6564400.0
2025-04-19,6554300.0
2025-04-20,6633000.0
2025-04-21,6569300.0
2025-04-22,6506500.0
2025-04-25,6653100.0
2025-04-26,6694000.0
2025-04-27,6534700.0
2025-04-28,6491000.0
2025-04-29,6486900.0
2025-04-30,6417400.0
2025-05-03,6806800.0
2025-05-04,6779800.0
2025-05-05,6688900.0
2025-05-06,6668300.0
2025-05-07,6695800.0
2025-05-09,6718900.0
2025-05-10,6648200.0
2025-05-11,6541100.0
2025-05-12,6582200.0
2025-05-13,6460500.0
2025-05-14,6434700.0
2025-05-16,6309800.0
2025-05-17,6220700.0
2025-05-18,6256700.0
2025-05-19,6592600.0
2025-05-20,6481800.0
2025-05-21,6531700.0
2025-05-23,6568800.0
2025-05-24,6536300.0
2025-05-25,6481300.0
2025-05-26,6460300.0
2025-05-27,6442300.0
2025-05-28,6440000.0
2025-05-30,6442300.0
2025-05-31,6416000.0
2025-06-01,6605300.0
2025-06-02,6617300.0
2025-06-06,6427800.0
2025-06-07,6500300.0
2025-06-08,6551300.0
2025-06-09,6461000.0
2025-06-10,6588700.0
2025-06-11,6774100.0
2025-06-25,6718900.0
2025-06-27,6744100.0
2025-06-28,7067500.0
2025-06-29,7356300.0
2025-06-30,7407300.0
2025-07-01,7499700.0
2025-07-02,7437100.0
2025-07-06,7138800.0
2025-07-07,6932400.0
2025-07-08,7033100.0
2025-07-09,7055300.0
2025-07-11,6966400.0
2025-07-12,7155700.0
2025-07-14,7126100.0
2025-07-15,7078600.0
2025-07-16,7081800.0
2025-07-18,6985100.0
2025-07-19,6945100.0
2025-07-20,7078600.0
2025-07-21,7182500.0
2025-07-22,7134400.0
2025-07-23,7107000.0
2025-07-25,7008600.0
2025-07-26,7025500.0
2025-07-27,7122400.0
2025-07-28,7144100.0
2025-07-29,7148500.0
2025-07-30,7210900.0
2025-08-01,7398100.0
2025-08-02,7524800.0
2025-08-03,7672400.0
2025-08-04,7641000.0
2025-08-05,7592700.0
2025-08-06,7593400.0
2025-08-09,7457700.0
2025-08-10,7492300.0
2025-08-11,7496400.0
2025-08-12,7449600.0
2025-08-13,7623700.0
2025-08-16,7401800.0
2025-08-17,7513100.0
2025-08-18,7586900.0
2025-08-19,7593200.0
2025-08-20,7735200.0
2025-08-21,7845300.0
2025-08-23,7764700.0
2025-08-25,7861700.0
2025-08-26,7967400.0
2025-08-27,8296400.0
2025-08-28,8343500.0
2025-08-30,8611800.0
2025-08-31,8940700.0
2025-09-02,8769200.0
2025-09-03,8760200.0
2025-09-04,8614800.0
2025-09-06,8764600.0
2025-09-07,8819800.0
2025-09-08,8806600.0
2025-09-09,8850200.0
2025-09-11,8634200.0
2025-09-13,8462400.0
2025-09-14,8425400.0
2025-09-15,8680300.0
2025-09-16,8841500.0
2025-09-17,8839900.0
2025-09-18,8741000.0
2025-09-21,9674200.0
2025-09-22,9360500.0
2025-09-23,9651100.0
2025-09-24,9948200.0
2025-09-25,9975700.0
2025-09-27,10357100.0
2025-09-28,10159500.0
2025-09-29,10460300.0
2025-09-30,10674100.0
2025-10-01,10906600.0
2025-10-02,11081300.0
2025-10-04,10954800.0
2025-10-05,10604100.0
2025-10-06,10530900.0
2025-10-07,10929900.0
2025-10-08,11372900.0
2025-10-09,11142700.0
2025-10-11,10922700.0
2025-10-12,10842400.0
2025-10-13,10934500.0
2025-10-14,10843300.0
2025-10-15,11170000.0
2025-10-16,11274100.0
2025-10-18,10847700.0
2025-10-19,11081800.0
2025-10-20,10974200.0
2025-10-21,10912100.0
2025-10-22,10863900.0
2025-10-23,10895300.0
2025-10-25,10649400.0
2025-10-26,10743800.0
2025-10-27,10545300.0
2025-10-28,10352700.0
2025-10-29,10455000.0
2025-10-30,10381800.0
2025-11-01,10626300.0
2025-11-02,10497000.0
2025-11-03,10488500.0
2025-11-04,10472800.0
2025-11-05,10468600.0
2025-11-06,10501900.0
2025-11-08,10430700.0
2025-11-09,10455000.0
2025-11-10,10571100.0
2025-11-11,11008100.0
2025-11-12,11397200.0
2025-11-13,11558300.0
2025-11-15,11225900.0
2025-11-16,11107000.0
2025-11-17,11182900.0
2025-11-18,11128700.0
2025-11-19,11345900.0
2025-11-20,11349400.0
2025-11-22,11125200.0
2025-11-23,11277300.0
2025-11-25,11355600.0
2025-11-26,11496900.0
2025-11-27,11469100.0
2025-11-29,11834300.0
2025-11-30,12054100.0
2025-12-01,12210200.0
2025-12-02,12120800.0
2025-12-03,12295300.0
2025-12-04,12248000.0
2025-12-06,12449600.0
2025-12-07,12706500.0
2025-12-08,12713200.0
2025-12-09,12679700.0
2025-12-10,12681800.0
2025-12-11,12831400.0
2025-12-13,13356300.0
2025-12-14,13525100.0
2025-12-15,13600100.0
2025-12-16,13542200.0
2025-12-17,13912200.0
2025-12-18,13743700.0
2025-12-20,13788700.0
2025-12-21,13647000.0
2025-12-22,13939500.0
2025-12-23,14320400.0
2025-12-24,14513400.0
2025-12-25,14357300.0
2025-12-28,15815400.0
2025-12-30,14754600.0
2025-12-31,14099700.0
2026-01-01,14198900.0
2026-01-04,14724100.0
2026-01-06,16052200.0
2026-01-07,16128200.0
2026-01-08,15808400.0
2026-01-10,15856000.0
2026-01-11,15856900.0
2026-01-12,15857800.0
2026-01-13,15857800.0
2026-01-14,15856900.0
2026-01-15,15857600.0
2026-01-17,15858100.0
2026-01-18,15857800.0
2026-01-19,15856700.0
2026-01-20,15856900.0
2026-01-21,15856700.0
2026-01-22,15856700.0
2026-01-24,16342600.0
2026-01-25,16483400.0
2026-01-26,17244300.0
2026-01-29,20614100.0
2026-01-31,19668000.0
2026-02-01,18883100.0
2026-02-05,19358000.0
2026-02-08,18780400.0
2026-02-09,19336100.0
2026-02-10,19951500.0
2026-02-12,19529700.0
2026-02-14,18583000.0
2026-02-15,19179800.0
2026-02-16,18695500.0
2026-02-17,18845500.0
2026-02-18,19426800.0
2026-02-19,19884600.0
2026-02-21,19679100.0
2026-02-22,19634800.0
2026-02-23,19892900.0
2026-02-24,19802800.0
2026-02-25,20440900.0
